District,State
ADILABAD,TELANGANA
AGAR,MADHYA
AGRA,UTTAR
AHMADABAD,GUJARAT
AHMEDNAGAR,MAHARASHTRA
AIZAWL,MIZORAM
AJMER,RAJASTHAN
AKOLA,MAHARASHTRA
ALAPPUZHA,KERALA
ALIGARH,UTTAR
ALIPURDUAR,BENGAL
ALIRAJPUR,MADHYA
ALLAHABAD,UTTAR
ALMORA,UTTARAKHAND
ALWAR,RAJASTHAN
AMBALA,HARYANA
AMBEDKAR,UTTAR
AMETHI,UTTAR
AMRAVATI,MAHARASHTRA
AMRELI,GUJARAT
AMRITSAR,PUNJAB
AMROHA,UTTAR
ANAND,GUJARAT
ANANTAPUR,ANDHRA
ANANTNAG,KASHMIR
ANDAMAN,ANDAMAN
ANJAW,ARUNACHAL
ANUGUL,ODISHA
ANUPPUR,MADHYA
ARARIA,BIHAR
ARIYALUR,TAMIL
ARVALLI,GUJARAT
ARWAL,BIHAR
ASHOKNAGAR,MADHYA
ASIFABAD,TELANGANA
AURAIYA,UTTAR
AURANGABAD,MAHARASHTRA
AZAMGARH,UTTAR
BADGAM,KASHMIR
BAGALKOT,KARNATAKA
BAGESHWAR,UTTARAKHAND
BAGHPAT,UTTAR
BAHRAICH,UTTAR
BAKSA,ASSAM
BALAGHAT,MADHYA
BALANGIR,ODISHA
BALESHWAR,ODISHA
BALLARI,KARNATAKA
BALLIA,UTTAR
BALOD,CHHATTISGARH
BALODA,CHHATTISGARH
BALRAMPUR,UTTAR
BANDA,UTTAR
BANDIPORA,KASHMIR
BANKA,BIHAR
BANKURA,BENGAL
BANSWARA,RAJASTHAN
BARABANKI,UTTAR
BARAMULLA,KASHMIR
BARAN,RAJASTHAN
BARDHAMAN,BENGAL
BAREILLY,UTTAR
BARGARH,ODISHA
BARMER,RAJASTHAN
BARNALA,PUNJAB
BARPETA,ASSAM
BARWANI,MADHYA
BASTAR,CHHATTISGARH
BASTI,UTTAR
BATHINDA,PUNJAB
BEED,MAHARASHTRA
BEGUSARAI,BIHAR
BELAGAVI,KARNATAKA
BEMETARA,CHHATTISGARH
BENGALURU,KARNATAKA
BETUL,MADHYA
BHABUA,BIHAR
BHADOHI,UTTAR
BHADRADRI,TELANGANA
BHADRAK,ODISHA
BHAGALPUR,BIHAR
BHANDARA,MAHARASHTRA
BHARATPUR,RAJASTHAN
BHARUCH,GUJARAT
BHAVNAGAR,GUJARAT
BHILWARA,RAJASTHAN
BHIND,MADHYA
BHIWANI,HARYANA
BHOI,MEGHALAYA
BHOJPUR,BIHAR
BHOPAL,MADHYA
BIDAR,KARNATAKA
BIJAPUR,CHHATTISGARH
BIJNOR,UTTAR
BIKANER,RAJASTHAN
BILASPUR,CHHATTISGARH
BIRBHUM,BENGAL
BISHNUPUR,MANIPUR
BOKARO,JHARKHAND
BONGAIGAON,ASSAM
BOTAD,GUJARAT
BOUDH,ODISHA
BUDAUN,UTTAR
BUDDHA,UTTAR
BULANDSHAHR,UTTAR
BULDHANA,MAHARASHTRA
BUNDI,RAJASTHAN
BURHANPUR,MADHYA
BUXAR,BIHAR
CACHAR,ASSAM
CHAMARAJANAGAR,KARNATAKA
CHAMBA,HIMACHAL
CHAMOLI,UTTARAKHAND
CHAMPA,CHHATTISGARH
CHAMPARAN,BIHAR
CHAMPAWAT,UTTARAKHAND
CHAMPHAI,MIZORAM
CHANDAULI,UTTAR
CHANDEL,MANIPUR
CHANDIGARH,CHANDIGARH
CHANDRAPUR,MAHARASHTRA
CHANGLANG,ARUNACHAL
CHATRA,JHARKHAND
CHENNAI,TAMIL
CHHATARPUR,MADHYA
CHHINDWARA,MADHYA
CHHOTAUDEPUR,GUJARAT
CHIKBALLAPUR,KARNATAKA
CHIKKAMAGALURU,KARNATAKA
CHIRANG,ASSAM
CHITRADURGA,KARNATAKA
CHITRAKOOT,UTTAR
CHITTOOR,ANDHRA
CHITTORGARH,RAJASTHAN
CHURACHANDPUR,MANIPUR
CHURU,RAJASTHAN
COIMBATORE,TAMIL
COOCHBEHAR,BENGAL
CUDDALORE,TAMIL
CUTTACK,ODISHA
DAADI,ARUNACHAL
DADRA,DADRA AND NAGAR HAVELI
SILVASSA,DADRA AND NAGAR HAVELI
DADRI,HARYANA
DAMAN,DAMAN
DAMOH,MADHYA
DANG,GUJARAT
DANTEWADA,CHHATTISGARH
DARBHANGA,BIHAR
DARJEELING,BENGAL
DARRANG,ASSAM
DATIA,MADHYA
DAUSA,RAJASTHAN
DAVANGERE,KARNATAKA
DEHRADUN,UTTARAKHAND
DELHI,DELHI
DEOGARH,ODISHA
DEOGHAR,JHARKHAND
DEORIA,UTTAR
DEVBHUMI,GUJARAT
DEWAS,MADHYA
DHALAI,TRIPURA
DHAMTARI,CHHATTISGARH
DHANBAD,JHARKHAND
DHAR,MADHYA
DHARMAPURI,TAMIL
DHARWAD,KARNATAKA
DHEMAJI,ASSAM
DHENKANAL,ODISHA
DHOLPUR,RAJASTHAN
DHUBRI,ASSAM
DHULE,MAHARASHTRA
DIBANG,ARUNACHAL
DIBRUGARH,ASSAM
DIMAPUR,NAGALAND
DINAJPUR,BENGAL
DINDIGUL,TAMIL
DINDORI,MADHYA
DIU,DAMAN
DODA,KASHMIR
DOHAD,GUJARAT
DUMKA,JHARKHAND
DUNGARPUR,RAJASTHAN
DURG,CHHATTISGARH
ERNAKULAM,KERALA
ERODE,TAMIL
ETAH,UTTAR
ETAWAH,UTTAR
FAIZABAD,UTTAR
FARIDABAD,HARYANA
FARIDKOT,PUNJAB
FARRUKHABAD,UTTAR
FATEHABAD,HARYANA
FATEHGARH SAHIB,PUNJAB
FATEHPUR,UTTAR
FAZILKA,PUNJAB
FIROZABAD,UTTAR
FIROZEPUR,PUNJAB
GADAG,KARNATAKA
GADCHIROLI,MAHARASHTRA
GAJAPATI,ODISHA
GANDERBAL,KASHMIR
GANDHINAGAR,GUJARAT
GANGANAGAR,RAJASTHAN
GANJAM,ODISHA
GARHWA,JHARKHAND
GARHWAL,UTTARAKHAND
GARIYABAND,CHHATTISGARH
GARO,MEGHALAYA
GAYA,BIHAR
GHAZIABAD,UTTAR
GHAZIPUR,UTTAR
GIRIDIH,JHARKHAND
GOA,GOA
GOALPARA,ASSAM
GODAVARI,ANDHRA
GODDA,JHARKHAND
GOLAGHAT,ASSAM
GOMATI,TRIPURA
GONDA,UTTAR
GONDIA,MAHARASHTRA
GOPALGANJ,BIHAR
GORAKHPUR,UTTAR
GUMLA,JHARKHAND
GUNA,MADHYA
GUNTUR,ANDHRA
GURDASPUR,PUNJAB
GURUGRAM,HARYANA
GWALIOR,MADHYA
HAILAKANDI,ASSAM
HAMIRPUR,UTTAR
HANUMANGARH,RAJASTHAN
HAPUR,UTTAR
HARDA,MADHYA
HARDOI,UTTAR
HARIDWAR,UTTARAKHAND
HASAO,ASSAM
HASSAN,KARNATAKA
HATHRAS,UTTAR
HAVERI,KARNATAKA
HAZARIBAGH,JHARKHAND
HINGOLI,MAHARASHTRA
HISAR,HARYANA
HOOGHLY,BENGAL
HOSHANGABAD,MADHYA
HOSHIARPUR,PUNJAB
HOWRAH,BENGAL
HYDERABAD,TELANGANA
IDUKKI,KERALA
IMPHAL,MANIPUR
INDORE,MADHYA
JABALPUR,MADHYA
JAGATSINGHAPUR,ODISHA
JAGITIAL,TELANGANA
JAINTIA,MEGHALAYA
JAIPUR,RAJASTHAN
JAISALMER,RAJASTHAN
JAJAPUR,ODISHA
JALANDHAR,PUNJAB
JALAUN,UTTAR
JALGAON,MAHARASHTRA
JALNA,MAHARASHTRA
JALORE,RAJASTHAN
JALPAIGURI,BENGAL
JAMMU,KASHMIR
JAMNAGAR,GUJARAT
JAMTARA,JHARKHAND
JAMUI,BIHAR
JANGOAN,TELANGANA
JASHPUR,CHHATTISGARH
JAUNPUR,UTTAR
JAYASHANKAR,TELANGANA
JEHANABAD,BIHAR
JHABUA,MADHYA
JHAJJAR,HARYANA
JHALAWAR,RAJASTHAN
JHANSI,UTTAR
JHARSUGUDA,ODISHA
JHUNJHUNU,RAJASTHAN
JIND,HARYANA
JODHPUR,RAJASTHAN
JOGULAMBA,TELANGANA
JORHAT,ASSAM
JUNAGADH,GUJARAT
KABEER,UTTAR
KABIRDHAM,CHHATTISGARH
KACHCHH,GUJARAT
KADAPA,ANDHRA
KAITHAL,HARYANA
KALABURAGI,KARNATAKA
KALAHANDI,ODISHA
KAMAREDDY,TELANGANA
KAMENG,ARUNACHAL
KAMRUP,ASSAM
KANCHIPURAM,TAMIL
KANDHAMAL,ODISHA
KANGRA,HIMACHAL
KANKER,CHHATTISGARH
KANNAD,KARNATAKA
KANNAUJ,UTTAR
KANNIYAKUMARI,TAMIL
KANNUR,KERALA
KANPUR,UTTAR
KANTHA,GUJARAT
KAPURTHALA,PUNJAB
KARAIKAL,PUDUCHERRY
KARAULI,RAJASTHAN
KARBI,ASSAM
KARGIL,KASHMIR
KARIMGANJ,ASSAM
KARIMNAGAR,TELANGANA
KARNAL,HARYANA
KARUR,TAMIL
KASARAGOD,KERALA
KASGANJ,UTTAR
KATHUA,KASHMIR
KATIHAR,BIHAR
KATNI,MADHYA
KAUSHAMBI,UTTAR
KENDRAPARA,ODISHA
KENDUJHAR,ODISHA
KHAGARIA,BIHAR
KHALILABAD,UTTAR
KHAMMAM,TELANGANA
KHARGONE,MADHYA
KHASI,MEGHALAYA
KHEDA,GUJARAT
KHERI,UTTAR
KHORDHA,ODISHA
KHOWAI,TRIPURA
KHUNTI,JHARKHAND
KINNAUR,HIMACHAL
KIPHIRE,NAGALAND
KISHANGANJ,BIHAR
KISHTWAR,KASHMIR
KODAGU,KARNATAKA
KODERMA,JHARKHAND
KOHIMA,NAGALAND
KOKRAJHAR,ASSAM
KOLAR,KARNATAKA
KOLASIB,MIZORAM
KOLHAPUR,MAHARASHTRA
KOLKATA,BENGAL
KOLLAM,KERALA
KONDAGAON,CHHATTISGARH
KOPPAL,KARNATAKA
KORAPUT,ODISHA
KORBA,CHHATTISGARH
KORIYA,CHHATTISGARH
KOTA,RAJASTHAN
KOTTAYAM,KERALA
KOZHIKODE,KERALA
KRISHNA,ANDHRA
KRISHNAGIRI,TAMIL
KULGAM,KASHMIR
KULLU,HIMACHAL
KUPWARA,KASHMIR
KURNOOL,ANDHRA
KURUKSHETRA,HARYANA
KURUNG,ARUNACHAL
KUSHI,UTTAR
LADAKH,KASHMIR
LAHUL,HIMACHAL
LAKHIMPUR,ASSAM
LAKHISARAI,BIHAR
LAKSHADWEEP,LAKSHADWEEP
LALITPUR,UTTAR
LATEHAR,JHARKHAND
LATUR,MAHARASHTRA
LAWNGTLAI,MIZORAM
LOHARDAGA,JHARKHAND
LOHIT,ARUNACHAL
LONGDING,ARUNACHAL
LONGLENG,NAGALAND
LUCKNOW,UTTAR
LUDHIANA,PUNJAB
LUNGLEI,MIZORAM
MADHEPURA,BIHAR
MADHOPUR,RAJASTHAN
MADHUBANI,BIHAR
MADURAI,TAMIL
MAHABUBABAD,TELANGANA
PANCHMAHAL,GUJARAT
MAHARAJGANJ,UTTAR
MAHASAMUND,CHHATTISGARH
MAHBUBNAGAR,TELANGANA
MAHE,PUDUCHERRY
MAHENDRAGARH,HARYANA
MAHESANA,GUJARAT
MAHISAGAR,GUJARAT
MAHOBA,UTTAR
MAINPURI,UTTAR
MALAPPURAM,KERALA
MALDAH,BENGAL
MALKANGIRI,ODISHA
MAMIT,MIZORAM
MANCHERIAL,TELANGANA
MANDI,HIMACHAL
MANDLA,MADHYA
MANDSAUR,MADHYA
MANDYA,KARNATAKA
MANSA,PUNJAB
MARIGAON,ASSAM
MATHURA,UTTAR
MAU,UTTAR
MAYURBHANJ,ODISHA
MEDAK,TELANGANA
MEDCHAL,TELANGANA
MEDINIPUR,BENGAL
MEERUT,UTTAR
MEWAT,HARYANA
MIRZAPUR,UTTAR
MOGA,PUNJAB
MOKOKCHUNG,NAGALAND
MON,NAGALAND
MORADABAD,UTTAR
MORBI,GUJARAT
MORENA,MADHYA
MUKTSAR,PUNJAB
MUMBAI,MAHARASHTRA
MUNGELI,CHHATTISGARH
MUNGER,BIHAR
MURSHIDABAD,BENGAL
MUZAFFARNAGAR,UTTAR
MUZAFFARPUR,BIHAR
MYSURU,KARNATAKA
NABARANGPUR,ODISHA
NADIA,BENGAL
NAGAON,ASSAM
NAGAPATTINAM,TAMIL
NAGARKURNOOL,TELANGANA
NAGAUR,RAJASTHAN
NAGPUR,MAHARASHTRA
NAINITAL,UTTARAKHAND
NALANDA,BIHAR
NALBARI,ASSAM
NALGONDA,TELANGANA
NAMAKKAL,TAMIL
NAMSAI,ARUNACHAL
NANDED,MAHARASHTRA
NANDURBAR,MAHARASHTRA
NARAYANPUR,CHHATTISGARH
NARMADA,GUJARAT
NARSINGHPUR,MADHYA
NASHIK,MAHARASHTRA
NAVSARI,GUJARAT
NAWADA,BIHAR
NAWANSHAHR,PUNJAB
NAYAGARH,ODISHA
NEEMUCH,MADHYA
NELLORE,ANDHRA
NICOBARS,ANDAMAN
NILGIRIS,TAMIL
NIMAR,MADHYA
NIRMAL,TELANGANA
NIZAMABAD,TELANGANA
NOIDA,UTTAR
NUAPADA,ODISHA
OSMANABAD,MAHARASHTRA
PAKUR,JHARKHAND
PALAKKAD,KERALA
PALAMU,JHARKHAND
PALGHAR,MAHARASHTRA
PALI,RAJASTHAN
PALWAL,HARYANA
PANCHKULA,HARYANA
PANIPAT,HARYANA
PANNA,MADHYA
PAPUM,ARUNACHAL
PARAGANAS,BENGAL
PARBHANI,MAHARASHTRA
PATAN,GUJARAT
PATHANAMTHITTA,KERALA
PATHANKOT,PUNJAB
PATIALA,PUNJAB
PATNA,BIHAR
PEDDAPALLI,TELANGANA
PERAMBALUR,TAMIL
PEREN,NAGALAND
PHEK,NAGALAND
PILIBHIT,UTTAR
PITHORAGARH,UTTARAKHAND
PONDICHERRY,PUDUCHERRY
POONCH,KASHMIR
PORBANDAR,GUJARAT
PRAKASAM,ANDHRA
PRATAPGARH,UTTAR
PRAYAG,UTTARAKHAND
PUDUKKOTTAI,TAMIL
PULWAMA,KASHMIR
PUNE,MAHARASHTRA
PURI,ODISHA
PURNIA,BIHAR
PURULIA,BENGAL
RAE BARELI,UTTAR
RAICHUR,KARNATAKA
RAIGAD,MAHARASHTRA
RAIGARH,CHHATTISGARH
RAIPUR,CHHATTISGARH
RAISEN,MADHYA
RAJANNA,TELANGANA
RAJAURI,KASHMIR
RAJGARH,MADHYA
RAJKOT,GUJARAT
RAJNANDGAON,CHHATTISGARH
RAJSAMAND,RAJASTHAN
RAMANAGARA,KARNATAKA
RAMANATHAPURAM,TAMIL
RAMANUJGANJ,CHHATTISGARH
RAMBAN,KASHMIR
RAMGARH,JHARKHAND
RAMPUR,UTTAR
RANCHI,JHARKHAND
RANGAREDDI,TELANGANA
RATLAM,MADHYA
RATNAGIRI,MAHARASHTRA
RAYAGADA,ODISHA
REASI,KASHMIR
REWA,MADHYA
REWARI,HARYANA
ROHTAK,HARYANA
ROHTAS,BIHAR
RUPNAGAR,PUNJAB
S.A.S,PUNJAB
BHAGAT,PUNJAB
SAHIBZADA,PUNJAB
SAGAR,MADHYA
SAHARANPUR,UTTAR
SAHARSA,BIHAR
SAHEBGANJ,JHARKHAND
SAIHA,MIZORAM
SALEM,TAMIL
SAMASTIPUR,BIHAR
SAMBA,KASHMIR
SAMBALPUR,ODISHA
SAMBHAL,UTTAR
SANGAREDDY,TELANGANA
SANGLI,MAHARASHTRA
SANGRUR,PUNJAB
SARAIKELA,JHARKHAND
SARAN,BIHAR
SATARA,MAHARASHTRA
SATNA,MADHYA
SEHORE,MADHYA
SENAPATI,MANIPUR
SEONI,MADHYA
SEPAHIJALA,TRIPURA
SERCHHIP,MIZORAM
SHAHDARA,DELHI
SHAHDOL,MADHYA
SHAHJAHANPUR,UTTAR
SHAJAPUR,MADHYA
SHAMLI,UTTAR
SHEIKHPURA,BIHAR
SHEOHAR,BIHAR
SHEOPUR,MADHYA
SHIMLA,HIMACHAL
SHIVAMOGGA,KARNATAKA
SHIVPURI,MADHYA
SHOPIAN,KASHMIR
SHRAVASTI,UTTAR
SIANG,ARUNACHAL
SIDDHARTH,UTTAR
SIDDIPET,TELANGANA
SIDHI,MADHYA
SIKAR,RAJASTHAN
SIKKIM,SIKKIM
SIMDEGA,JHARKHAND
SINDHUDURG,MAHARASHTRA
SINGHBHUM,JHARKHAND
SINGHBUM,JHARKHAND
SINGRAULI,MADHYA
SIRMAUR,HIMACHAL
SIROHI,RAJASTHAN
SIRSA,HARYANA
SITAMARHI,BIHAR
SITAPUR,UTTAR
SIVAGANGA,TAMIL
SIVASAGAR,ASSAM
SIWAN,BIHAR
SOLAN,HIMACHAL
SOLAPUR,MAHARASHTRA
SOMNATH,GUJARAT
SONBHADRA,UTTAR
SONEPUR,ODISHA
SONIPAT,HARYANA
SONITPUR,ASSAM
SOUTH TRIPURA,TRIPURA
SRIKAKULAM,ANDHRA
SRINAGAR,KASHMIR
SUBANSIRI,ARUNACHAL
SUKMA,CHHATTISGARH
SULTANPUR,UTTAR
SUNDARGARH,ODISHA
SUPAUL,BIHAR
SURAJPUR,CHHATTISGARH
SURAT,GUJARAT
SURENDRANAGAR,GUJARAT
SURGUJA,CHHATTISGARH
SURYAPET,TELANGANA
TAMENGLONG,MANIPUR
TAPI,GUJARAT
TARAN,PUNJAB
TAWANG,ARUNACHAL
THANE,MAHARASHTRA
THANJAVUR,TAMIL
THENI,TAMIL
THIRUVALLUR,TAMIL
THIRUVANANTHAPURAM,KERALA
THIRUVARUR,TAMIL
THOUBAL,MANIPUR
THRISSUR,KERALA
TIKAMGARH,MADHYA
TINSUKIA,ASSAM
TIRAP,ARUNACHAL
TIRUCHIRAPPALLI,TAMIL
TIRUNELVELI,TAMIL
TIRUPPUR,TAMIL
TIRUVANNAMALAI,TAMIL
TONK,RAJASTHAN
TRIPURA,TRIPURA
TUENSANG,NAGALAND
TUMAKURU,KARNATAKA
TUTICORIN,TAMIL
UDAIPUR,RAJASTHAN
UDALGURI,ASSAM
UDAM,UTTARAKHAND
UDHAMPUR,KASHMIR
UDUPI,KARNATAKA
UJJAIN,MADHYA
UKHRUL,MANIPUR
UMARIA,MADHYA
UNA,HIMACHAL
UNAKOTI,TRIPURA
UNNAO,UTTAR
UTTAR KASHI,UTTARAKHAND
VADODARA,GUJARAT
VAISHALI,BIHAR
VALSAD,GUJARAT
VARANASI,UTTAR
VELLORE,TAMIL
VIDISHA,MADHYA
VIJAYAPURA,KARNATAKA
VIKARABAD,TELANGANA
VILLUPURAM,TAMIL
VIRUDHUNAGAR,TAMIL
VISAKHAPATANAM,ANDHRA
VIZIANAGARAM,ANDHRA
WANAPARTHY,TELANGANA
WARANGAL,TELANGANA
WARDHA,MAHARASHTRA
WASHIM,MAHARASHTRA
WAYANAD,KERALA
WOKHA,NAGALAND
YADADRI,TELANGANA
YADGIR,KARNATAKA
YAMUNANAGAR,HARYANA
YANAM,PUDUCHERRY
YAVATMAL,MAHARASHTRA
ZUNHEBOTO,NAGALAND
